{"0.8736453239440849":{"user_id":2},"0.09237107096119934":{"user_id":1},"0.8472161371643452":{"user_id":1},"0.33636970508585695":{"user_id":1},"0.8533974087467642":{"user_id":1},"0.2181927839977711":{"user_id":1},"0.4497454935011991":{"user_id":1},"0.08672483418597787":{"user_id":1},"0.6618351667697961":{"user_id":1}}